processed_text,target
latinoamerican country rank GDP PPP caput oc,Business and Economics
Argentina latinoamerican country issue gender neutral ID card non binary gender non conforming people,Politics and Government
people latinoamerican country come Argentina real literally bad economic crysis history immigrant move like complete opposite choose country long term know life quality excellent public service have good time poor people rampant inflation mention taxis raise everytime goverment pay debt trust country,Business and Economics
drunkest latinoamerican country Russians know drink soul away tell drink Irish British come region correct wrong Mexicans Ecuadorians bad reputation overdrinke,Culture and Society
hard day good thing latinoamerican country,Culture and Society
epic store actually regional pricing latinoamerican country account free game,Business and Economics
latinoamerican country rank GDP PPP caput think map update graphic time number place,Business and Economics
offensive country refer person negro negra uncomfortable awkward word use latinoamerican country call person negro tricky thing affection,Culture and Society
let start independence month latinoamerican country national bird Centroamerica,Culture and Society
latinoamerican live country speak different language pronounce country example english speak people tend pronounce Uruguay Iúruguay UK Uruguay pronounce Spanish Iúruguay,Culture and Society
suggestion ama week Latinoamerican Country user share life respective country share exotic food place visit invite user main forum way integrate people sub think,Culture and Society
People thing bad sub make World Countries show post learn thing situation outside classic western european country get bad year reference live Panamá latinoamerican country shit get bad past year explanation lot fucking stuff go barely get canadian mining company fuck bribe politician election period say internationally close partner government select put hand international country control Panama Canal natural resource tell fuck thing get well,Politics and Government
currently trend young royal LATAM Latinoamerican Countries try reach m like Young Royals post Netflix Instagram Account,Entertainment and Media
traaaaaaannnnnnnnnns Image Argentina latinoamerican country issue gender neutral ID card non binary gender non conforming people, Politics and Government
usually defy dad authority know proud immature find hard respect dad obey punishment people scared try avoid reasonably piss parent find hard respect kinda abussive terrible way decent dad normal latinoamerican country punish physically maybe chill try challenge give lesson end bad counterproductive like guy think,Culture and Society
latinoamerican country rank GDP PPP caput,Business and Economics
clarification word gringo Latina foot soldier currently watch Leftovers cause live kinda late country watch morning Ethan Hasan discuss word gringo think term white people know rest latinoamerican country people bear gringo matter skin color want clarification case interested know refer skin color call gringo refer nationality country YEE YEE brother Edit want thank give understanding use word variation originally think comment interesting,Culture and Society
spanish conquest portray country latinoamerican México specifically people general hate spanish conquest wonder country grow invasion curious see country,Culture and Society
idea start business Argentina hello odd post go to try quick life saving country dolar legal currency live Argentina know inflation common thing plenty opportunity tho taxis pain experience run company like matter want ask people live world country kind business bring latinoamerican country know arrive love hear idea tho know know country technology word question business common country think massive success country innovation hope point haha thank time,Business and Economics
Europe community consider native latinoamerican live place Europe familiar native history latinoamerican country wonder close native community continent think maybe Sámi community nordic Countries community Russia maybe maybe canarian islander sorry get wrong text recommendation topic delighted,Culture and Society
read newspaper country hi set account twitter want follow read newspaper latinoamerican country mainly focus national isue,Entertainment and Media
Boyfriend get scamme Italian base company seek advice hello sorry write post English speak italian need help advice unpleasant experience have right italian company long story short partner work company past month contract remote worker pay monthly past month suddenly fire company allegation performance issue email previous day warning comply contract company communicate pende payment aprox day work month partner email multiple time ask extra compensation payment day work past month reply receive clearly difficult hire talk lawyer Italy latinoamerican country pende relatively low justify lawsuit want explore possibility salary remote worker company fire reason payment advice thank reading spamme email look reply company boss,Security and Crime
parent latino bear raise country consider latino expose reality latinoamerican country experience speak latin derive language consider latino want know think Edit clarifly supposition bolivian bear raise curious know think,Culture and Society
developed country inhabitant latinoamerican say weird totally normal,Culture and Society
pest bear crippled sight fat redhead autistic latinoamerican country far away capital God curse birth love girl fall love reject clown circus live live miserable,Culture and Society
hard find polyamory certain country think polyamory reach full part world speak latinoamerican polyamorous male see polyamorous people Europe Latinoamerica see Chile probably culture certain country surely hard find polyamory country,Culture and Society
play rock paper scissor country hear german ching chang wiki play find interesting give pejorative history term English hear Bolivia use jan ken po similar japanese people use じゃんけんポン jan ken pon wonder relate probably tell brazil similar ask difference play game country variation find document wiki page prevalent game country colombian mother know game teach kid wonder happen latinoamerican country,Culture and Society
think Hazbin Hotel dub Latino song fan dubbing Latinoamerica know privilige mexican studio big country dubbing series case study actor Chile love voice like dubbing maybe adaptation music well like honest post way meet latinoamerican fan serie b,Entertainment and Media
think Twice visit latam year México moonlight sunrise release latinoamerican country list listen see video hope small moment prove lot once latam want irl mean massive sell concert Colombia small moment pride wonder add date october assume august promotion time misamo deserved rest member general singapore europe certainly hope visit lot country time tourism visit funny people,Entertainment and Media
Latinoamerican Bike Polo Bogotá Polotá team country,Sports
know autistic hello good English fact Chile latinoamerican country official diagnosis year old know feel autistic young know talk people awkward shy thank therapy talk people feel like belong feel like annoying vestibular stimming like pacing rock forth spinning run yes run jump sporadic hyperfixation leave normal life like make jewelry ask problem student study mind focus make jewelry ask bf tell like autistic person like normal person know kinda believe think seek professional help,Health and Education
opinion corporation market pride work neuron know marketing strategy live small latinoamerican country corporation make mention homosexuality impossible bad thing opinion view poll,Business and Economics
overuse joke abuse Bolivia tiene mar joke thing latinoamerican county country joke,Culture and Society
anybody feeling place live right understand behave like people age interest people age world latinoamerican country feel isolated dad understand bad chide basically lowkey insult attempt comform change will force accept end basically understand fucking tired hope expect college choice matter expect friend will expect bad expect bad god forsake country fail consider likely treat like shit butt joke will friend hurt guess know go social outcast fault,Culture and Society
question british gamer specifically multiplayer game online game european server right mean play people Europe ask South America game server Brazil communication barrier brazilian rest latinoamerican country,Entertainment and Media
country like skinny rellenita notice latinoamerican country like bootylicious style prefer slim thin skinny,Culture and Society
RX xt good purchase play k want game run smooth HD wich meet expectative think maybe raytrace m worried concern aside brute power hear xtx version flaw cooler system want know s chance xt hardware defect fabric problem affect xt need know m latinoamerican country little dificult refound want run minimal posible risk purchase m purchase RX xt RTX problem pin connector brute force wich similar price country inferior advice case time buy dedicated graphic card m run ryzen Edit rx m buy sapphire edition g offer Ti price well option,Science and Technology
International Latam Students guys ESCAPED LATINOAMERICA s question see lot latinoamerican fellow sub appreciate guy tell story Guatemala like migrate study CS super complicated expensive read guy Ivys country come pay live study scholarship detail hope mod let publish,Health and Education
People USA true suck geography hope flair right guess place mean offend live United States simply bizarre point rare anymore hear story think x country continent vice versa think certain place certain country pretty far simply people think certain country latinoamerican country advanced geography class believe firmly minority bizarre,Culture and Society
not buy Techno merch latinoamerican country ship brazil m Chile go to cry suppose way wait till long merch go to go to update like beanie btw know,Entertainment and Media
latino medium collab apologize Latinx tumblr long let talk collab ephemeral event love nikki let suit feature base piece medium seal approval official owner versatile interesting game collab base Disney Sanrio Barbie Alphonse Mucha Vocaloid distinctive suit medium gorgeous accesorie expect internationally know call Alphonse Mucha work franchise stretch yeah sorry come Latino Latinoamerican country devs take consideration latino medium actually collab piece latino popular culture like suit matter unlikely great share idea ifs example Lupe Mágica spanish language webtoon magical girl worth read uniform absolutely adorable painter century collab LN Webtoon fun Pulentos collab base chilean cartoon like pulento image f ff revision prefix es Tom pulentos revision prefix es accesorie ok joke XDDDD Yo soy Betty La Fea want Betty Armando suit PS post completely,Entertainment and Media
independent hey need life advice maybe help English leanguage bear young girl latinoamerican leave father month afraid go end soon have financial trouble true live mom want relationship chaotic well throw away house multiple occasion yell beat object leave cuestion money save college work study hope rise well position work finish career afford live finish bachelor semester end year think rent room make work promotion afford nice apartment know good course action maybe well idea invest money well house arrangement planing case suggestion take thank listen,Health and Education
master Aerospace engineering program share experience hi basically title say interested master degree programme know exactly give background mechatronic engineer world country graduate university area mechatronic engineer study scholarship found honest feel smart discipline apart get like year research experience year bachelor year year graduate research assistant problem affect selection process de good grade fluid dynamic thermodynamic love subject world country smart discipline expect Alma mater know teacher study abroad decent GPA good bad experience give background research institution mind école centrale de Lyon politécnico di Milano university Cranfield Manchester Bristol Lisbon Sao Pablo ISAE SUPAERO kinda know English Spanish french willing learn italian portuguese latinoamerican way like share experience international student recommendation welcome thank time,Health and Education
master Aerospace engineering share experience hi basically title say interested master degree programme know exactly give background mechatronic engineer world country graduate university area mechatronic engineer study scholarship found honest feel smart discipline apart get like year research experience year bachelor year year graduate research assistant problem affect selection process de good grade fluid dynamic thermodynamic love subject world country smart discipline expect Alma mater know teacher study abroad decent GPA good bad experience give background research institution mind école centrale de Lyon politécnico di Milano university Cranfield Manchester Bristol Lisbon Sao Pablo ISAE SUPAERO kinda know English Spanish french willing learn italian portuguese latinoamerican way like share experience international student recommendation welcome thank time,Health and Education
woman live parent protect negative energy household mean constant nagging fighting criticism overall feel good home protect ritual habit cope mechanism mindset,Health and Education
asian ancestry talk country history like latinoamerican person mixed asian ancestry noticeable people confuse foreigner specially east Asians find funny country Mexico huge asian community country influence culture lot realize teach asian population migration history territory consider yearly national census ethnic group happen country,Culture and Society
help play Mexico Ultimate Ultimatum mod opcion make Latinoamerican Union latino america influence sphere titere anex miss country influence,Culture and Society
Chile find comunity cool problem year old try start fire journey advice knowledge UK place like learn equivalent country Chile latinoamerican country,Culture and Society
Algeria day today Cuba start medical colaboration nation tahn cuban medical personnel help lot country Javier Isbell López Salazar cuban doctor remote area country Latin Africa Europe additionally person graduate cuban medical school specially ELAM Latinoamerican School found Fidel Castro installation cuban military naval academy people question cuban help pay case Haití fight Ebola decade Africa capitalist country send thousand doctor year Africa cuban doctor Andorra fight,Health and Education
Mom story MFP Hi time post sub hesitant exactly easily believe people believe marrowfolk exist real family real tell home country maybe find tell people understand know mom actress fly state perform MFP park aware pregnant time like december apparently slip fall gland perform group tour park free time THANKFULLY kill kill change mentally like happen people unfortunately effect park physically mom stay week incident run test fine time find pregnant will tell test fact test tell completely human anymore tell eventually let pay huge monetary compensation care little brother ask return park aaand speak publicly happen park understandable consider slip cause lack maintenance protective railing path know lack maintenance lead happen obviously ignore safety precaution FAR long publicly know knew park safe keep operational make sense consider sibling mom say mind alter body let hide trait consider know mutate human general populace cause ruckus specially consider live world latinoamerican country People pretty supersticious witch hunt y choice hide honest trait inherit good tail neat like tail,Culture and Society
finally Hands oficial Latinoamerican edition hand unfortunately country release standard version season season release physical edition Amazon prime recent precious object,Entertainment and Media
like live hi Argentina year old life plan live year constant economical societal inestabilty country face currently honest go change anytime soon yeah basically jump ship question formulate general sense reposte post subreddit sorry question way disrespectful intent post let start usd need live comfortably average like able rent non horrible place person able eat luxurously basic cover maybe able drink food party month big languague barrier know english maybe level honestly formal test cut basic stuff know languague hard learn country languague day day communication city recommend live fond small town vibe people love look live place population welcome country foreigner prejudice latinoamerican argentinians general aware easy job currently study department work kitchen take care pet paint house hard time live get job foreigner citizenship quality love country sense word like point quality country think good foreigner aware lot stuff ask want simple like point country mean lot thank time hope have good morning afternoon evening night,Business and Economics
Bonus skill USA Investment Banking Industry value speak native level language Spanish big plus yesterday hear story EverCore MD recruit speak Spanish good resume ofc wonder value know magnitude deal spanish company Spain LatinoAmerican country thank response,Business and Economics
ethnicity pass,Culture and Society
new motorcycle world need help word advice m argentinian possible not know ans hear motorcycle ok maybe latinoamerican people near Arg know lil bit help usefull good evening join community determined buy motorcycle love lil girl truth have money want step drive motorcycle fact start class January hyped see political economic climate country want choose bike seal deal soon possible know opportunity price explode lose opportunity spend week watch YouTube video read technical sheet watch review etc narrow option motorcycle particular beautiful Zanella Ceccato anniversary sister Sepucai beautiful elegant Patagonian Eagle see review agree practically difference agree good motorcycle price pay care love mechanic love see little mixed review Eagle honestly chopper look simply incredible look kind opinion motorcycle think well newbie suggestion palo palo price range willing listen kiss,Business and Economics
delete South America computer basically potato barely run eat massive map turn South America North America SA game impassable land strain,Science and Technology
question hello people question identity yeah want talk thing live like tran person Mexico rest latinoamerican country guy know accept like tran person want hormone treatman know tran person tran identify like cis person surgery hormone treatman feel like transmasc enby person stereotype gender tran people tran look like cis person hard identify self like transmasc transboy problem mexican society know tran version like female body like chest like rest body maybe want opinion help,Health and Education
kinda overtake america mean self Americans not make colony society town continent s kinda stupid live country america call south american canada s stupid child know mexico North america North american Free Trade Agreement NAFTA americans steriotype hispanic people south american kinda make upset big issue keep make latinoamerican people upset,Culture and Society
reader WHATS CONTRY country place age history,Others
VENT New Grad ICU Hi latinoamerican country english second language spelling acronym mistake M graduate end year get need surgery recovery time start look job Job application hard find especially want find job public sector eventually apply available option substitute nurse ICU week orientation want freak die shift feel absolutely overwhelmed shift routine thing check pathology complex cardio respiratory concept drainage art line jist see lot require advanced understanding physiology moment exhaust study question guide nurse fail ask meet face say believe fucking dumb single time harsh mean overall bit condescending frustrated rythm feel dumb useless underprepared feel impotent fact study like madman progress m try hard work fast bad thing actual time understand kind like wish good good ICU nurse feel impossible achieve moment start dread go work want vent appreciate advice experience encouragment fact dumb take UCI job new grad read experience find therapeutic know feeling way circumstance welcome cheer,Health and Education
difficult thing live ethnicity race live,Culture and Society
Helppp latinoamerican student prepare follow admission cycle system country totally different chance AP honour class scared will stand chance apply hand gpa think good extracurricular school ranking international tip wanna time lot effort want disappoint end thank,Health and Education
help come Hi use reddit need advice look come safely possible family time right anyways grow interest guy completely ok kinda denial grow latinoamerican country parent christian go christian private school go church believe God denial conflicting idea anyways past year work acceptance go Bi lean Gay label pressure start acceptance journey meet guy interested low relationship sound nice especially want partner love sure relationship nice low key healthy relationship guy eventually break guy break heart start go therapy thank therapy able well work acceptance thankfully today past long bother meet guy know want fully commit explain immense love guy know end marry day mature secure relationship current day know want fully confident sexuality journey come slowly friend coworker plan lie hide anymore issue relationship go plan tell parent wait couple month sure relationship go stable doubt beginning tbh like say parent religious strong opinion matter immoral strongly gay marriage talk word gay sensitive topic tell live want sure ok tell want apart life bf support fair spot feel bad want let know soon possible Question tell tell way drop hint sure good step point sorry longgg story thank suggestion,Health and Education
socialism latinoamerica inform socialism past couple month learn stand read downside capitalism bring expert pretty getting start agree lot point socialism make bother bear grow latinoamerica Peru like latinoamerican drill head socialism bad fail destroy country venezuela socialism look like room personal growth etc try find insight explanation come hispanic video article find like explanation people know subject latinoamerican perspective possible socialism latinoamerica work wide misconception venezuela cuba socialist example point people oppose tend bring,Culture and Society
help latinoamerican student prepare follow admission cycle system country totally different chance AP honour class scared will stand chance apply hand gpa think good extracurricular school ranking international tip wanna time lot effort want disappoint end thank,Health and Education
need assessment week Torito story start woman see phone read news pyrotechnic accident head line say Explosion rocket market pyrotechnic market leave dead Pyrotechnics accident ai strange Mexico little chapel appear far away woman start narrate pyrotechnic dangerous remember time ago travel Mexico see Oaxaca torito mexican maybe latinoamerican country pyrotechnic structure look like bull start describe memory tell afraid remember end happy enjoy people town start think torito important tradition probably represent history place maybe condition pyrotechnic alright start think way somenthe see outside different inside outside mexican outside people reality understanding live complicated tough country people conception change knock door awnser wash hand bathroom,Culture and Society
want learn language get embarrass hi langlearner love sub love learn language currently focus energy Spanish ballsdeep think share thought language struggle yeah hate people feel like shit try speak language yr old sure fuck process use embarrassment learning opportunity currently Mexico City gap year begin study university come August great choice regard Spanish background blooded Latino Boricua mother ecuadorian father bear New York city area grow speak word Spanish time wish grow bilingual grateful turn able develop strong command English subsequently school plus true learn language point life want finish high school decide good time learn Spanish language bring close family culture connect million people Americas Spain guess lol hard learn attempt utilize newly acquire skill foreign language extremely embarrassing mistake believe throwback time practice teacher say corrí instead yo corría difference say come way people look situation slightly different Latinoamerica clearly people moreno trigueño mean indigenous appearance depend essentially skin immediate expectation Mexico latinoamerican point begin fumble spanish grammar pronunciation look like foreigner look stupid happen time time little avoid go buy food experience know see nice white friend attempt use Spanish impatient condescend customer service worker Spain embarrassing single time make want shut run away commit monolingualism forget laugh like goal want mother feel like raise goal learn time turn bright red misunderstanding know learn look yr old kid have conversation parent think fuck wish speak Spanish child truth language learner stage develop ability matter method learn follow stage people compliment speak people laugh look like jackass try good go want goal settle forever happen embarrassed normal laugh like poop happen shitty laugh inspire write go bougie coffeeshop different kind Americanos etc look like headass know respond question want bagel coffee want moment bagel coffee try order want plane NYC speak spanish day know coffeeshop order soy milk french press americano gen z thing short hope eventually struggle find comfort fact happen cheek warm rosy spotty grammar know physical sensation LEARNING edit spelling edit thank post actually haha send love languagelearne,Health and Education
advice somebody go travel Europe time year Christmas New Year Eve Winter hi yes know year holiday bare minute need plan ahead unstable nature latinoamerican country Argentina plan travel Europe Christmas year spend Christmas Barcelonaand New Year eve Madrid plan fly solo travel Berlin plane stop plan fact good friend live Germany recommend traveler Berlin go Amsterdam Belgium Denmark add south Balcans Hungary relatively easy country cheap hide gem plan good money travel USD bit possible travel Barcelona Argentina information usefull pretend stop take consideration Arg Janury interesting mix touristic place bit outoor activity great travel budget mention early time issue know interesting rush thing visit city day sleep night train think Berlin Brugges Brussels Amsterdam Conpenhaghen Gutemburg finally northern light Prague Budapest Ljubljana Zagreb Sarajevo Kosovo Tirana intial route advice notation experience receive thank advance,Others
meta New Idea sub soon reach final lap weekly country series want propose new format weekly AMA June international day LGBT weekly thread gay Latinoamerica People talk personal experience good place visit famous star relate sort stuff October indigenous thread el Día de la Raza african culture day talk black LatinoAmeirica history culture Christianity Thread Pascua nice idea October international day Food thread LatinoAmerican food honest need international day thread important set happen example Thread LatinoAmerica VideoGames week Thread Futbol LatinoAmerica Copa America week Thread Movies LatinoAmerica Oscar week idea think,Others
european version v s latinoamerican version help PEOPLE difference EUROPEAN VERSION LATINOAMERICAN ACNH lose mind BC COUNTRY CHILE sell EUROPEAN VERSION CHEAPER need HELP idk BC want freaking game money u know dont buy EUROPEAN wait LOT,Entertainment and Media
RT Latin South America Minecraft Earth stream hello sorry provide meme joke worthy content scroll YouTube check Minecraft New Earth stream watch want check Mexican notice video multiple part Europe Asia Canada rest american continent area available public RT stream building central south America reason give decide focus America spanish speaker decide audience build support construction continent honestly make sense love country culture represent usual chaotic RT content latinoamerican people actually build Latin America end cliche stereotype like Mexico literally taco Brazil go Brazil meme funny yeah RT want showcase case apologize take time wonder fun,Entertainment and Media
roleplay cry reunification grow situation look dire day La Tema de Mexico Tijuana call increase wildly month situation United States dire Hardline mexican nationalist call return territory conquer United States mexican american war return motherland new new massive increase support border region particularly Tijuana Mexicali ordinarily people support ultranationalist cling dream past new membership find group form family live border family member live LA California favour California return Mexico devolve madness scared family member safety everybody involve financial security mix ultranationalist pan latinoamerican want creation pan latinoamerican state category pan latinos exclusive Tijuana Mexicali area northern border level country view old territory Mexico return grow popularity call Arizona New Mexico Texas arise Yucatan particular volume hear Puerto Rico join Mexico strong point territory finally equality country pan latinoamerican nation call Puerto Rico particularly strong hispanic population add additional element Latinos rule white limit sovereign country government support give grow movement reunification president Vasquez state United States mexican ally compromise territorial integrity threat security effort reunite american south Mexico continue advocate right Mexicans reside new mean office provide support seek contribute destruction United States state Texas embolden recent event happen Texan economy see destruction hand federal government group pan latinos form call support council say oppress Mexicans Texas support council pool resource send money mexican relative Texas hope able survive wave economic instability maintain group strength event catastrophic mexican hispanic population stay secure estimate unclear figure say million dollar enter Texas provide support Hispanics private donor moment simple action time tell group actually seek accomplish,Culture and Society
travel Europe year remove europe hi yes know year holiday bare minute need plan ahead unstable nature latinoamerican country Argentina plan travel Europe Christmas year spend Christmas Barcelonaand New Year eve Madrid plan fly solo travel Berlin plane stop plan fact good friend live Germany recommend traveler Berlin go Amsterdam Belgium Denmark add south Balcans Hungary relatively easy country cheap hide gem plan good money travel USD bit possible travel Barcelona Argentina information usefull pretend stop take consideration Arg Janury interesting mix touristic place bit outoor activity great intial route advice notation experience receive edit stop money spend thank advance travel Europe europe comment efzawa undelete r europe comment efzawa unreddit undelete r europe comment efzawa author,Others
latin american Flags latinoamerica bruh BMG latinoamerican community participative active game think receive flag country like Chile Argentina Colombia Perú etc etc appreciate idea want country avatar,Entertainment and Media
NBC unlocking content Youtube far aware official content SNL channel region lock season onwards apart musical performance compilation vintage sketch Elon Musk episode suck night get recomendation sketch like Cast List Ferrell Admiral John Mulaney need vpn access month check channel lot sketch suddenly available check get notification Dafoe episode redirect usual available country notification weird get notification channel wonder unlock video idk funsie actually make recent sketch available rest world totally board want uninstall VPN press download button curiosity kill create reddit account ask happen international watcher go thing latinoamerican licensing issue understand unlock,Entertainment and Media
tired shitty latinoamerican community start South America Argentina League Legends player play LAS server ping good enjoy game care toxic player pretty abundant think region year playing decide quit League community main reason player wish AIDS cancer death go AFK trolling missplay country move CS League add Brazilians war come overwatch month simply beautiful everybody cooperate troll stupid discussion Brazilians Argentinians discuss like dream play LOT play like hour enjoy guess yes latinoamerican overwatch community fuck like online game oh guy pick Symmetra spam emote team kill Mercy heal die pick Torb place turret base oh look Brazilian Chilean Uruguayan Argentinian etc player let whish cancer think inferior country know enjoy online game overwatch specially shitty community make play got busy day want relax little play online game fuck relaxing know mute button think single game stupid player talk shit s want write Btw option choose report player trolling Harassment cheat spamme report mistake let know m try improve English,Entertainment and Media
offering spanish native seek French german English hi year old spanish native speaker Colombia currently live german speak country help learn spanish want Exchange ask follow language French intermediate german knowledge pretty rough English consider fluent like conversation practice native maybe improve accent like read currently read bonjour tristesse original french version get run year good year far term distance watch film movie like eat picky like learn language Anki Assmil Italki English go way french Francophile know French catch german find language difficult find way haha grow like logical hard start rewarding later english know latinoamerican know think grow look States expose american culture deep inside like sound american like sure possible live help haha hope help,Health and Education
ping problem Latin America hi fan player Battlefield latinamerican platoon year experience month excellent play server play play make new friend different latinoamerican country matter kind server enter experience spectacular feeling bomb weapon tank amazing USA till Argentina South america kind platoon problem come spring patch ping separate people north south America talk Central America ping separate play north south bad experience faraway server Battlefield defender untill final user buyer Premium buyer strongly suggest send little piece claim door dice claim Injustice fix inconvenience know user have kind trouble adjust ping rest happy Battlefield saga thank read letter glad soon dear team Dice,Entertainment and Media
desperate help find Christmas gift Hiii super busy Christmas shopping time tomorrow Christmas eve country gift Christmas eve lmao family small enjoy reading help find book recommendation base beg youuu sister reader family love fantasy fairire witchcraft saga like GoT Dune listen audio book Harry Potter night fall asleep favorite book sense sensibility Jane Austen read latinoamerican writer illustrator work fashion industry yoga lot plant studio mom love child book like Alice wonderland little prince favorite book Dolores Redondo like novel hate controversial reading like Isabel Allende like ray sunshine time extrovert talk rock yoga book group Uncle like include book personal development MD currently divorce little year old kid love Marvel DC Satr Wars kinda lazy come reading read classic Sister law hate novel enjoy reading like Nietzsche philosophy general spiritual stuff yoga namaste tattoo veterinarian rock grey kinda short mullet love bright pink puppy favorite living thing sister kinda softie inside Brother black sheep family sister go Russia especifically ask russian version crime punishment Dostoevsky live beach near Cancun Mexico involve history love documentary scuba diving free time,Culture and Society
skin Wakers Mexican Parallels Nahuales little investigation essay feel free remove find topic think cool topic notice scariest TikToks world exactly Eddie lot doubt Skinwalkers honestly blame lot miss information Navajo Community close talk especially stranger context University animation student assignment research topic proper information accurate script think share info guy maybe Eddie Idk resume large investigation want read complete investigation essay link doc investigation Spanish sorry document lo edit say Navajo Community reserve come talk culture especially thing like information find little pinch salt Yee naaldlooshii come Atapascano mean go leg creature Chaman wizard practice dark magic say transform different animal use face body people say detach spirit body change use process metamorphosis mimic voice know wendigo use body possession hear information ring bell hear type creature home country Mexico talk nahuale creature different mexican latinoamerican culture like Mexica Maya Tolteca etymologically speak word Nahual come Nahuatl word Nahualli translate hidden costume Náhuatl extensive mother tongue different mexican culture word different meaning refer spiritual guide animal believe single spirit animal bear animal mean guide right path known meaning talk Chaman witch wizard power transformation animal Códice Borgia describe metamorphic creature capable change physical form animal human Maya Mexican latinoamerican culture culture know Chulel translate spirit deviation word Chul mean divine give people soul ability manif world animal form manifestation associate evil category depend different thing honestly ton info creature impossible resume sound boring google doc know Skinwalkers see misinformation welcome correct provide source info course way well horror explore potential,Culture and Society
Hyundai Getz daily track car story time hi Chile license drive drive Hyundai Getz know tiny car car manufacture market globally Canada China latinoamerican country avaliable different engine setup CRDi turbodiesel powerful intend particular beginning daily weekend car go college subway road trip drive km mile week south Chile start modife car wheel tire lower spring trackday month blow head fun totally different experience drive track start learn different driving technique like race public road safe provocate accident trackday focus drivability car friend fabricate rear strut bar room bar follow internet design see research step remove rear seat extra weight windshield washer pump fog light AC system beginning drive car km mile south weekend trackday Autódromo de Interlomas go come fully intact good experience total km day go Friday come Sunday track day big upgrade get new set wheel semi slick tire Nankang Black Racing Pro replica wheel real wheel expensive Chile tire like run rail instal brake duct precaution possible brake fading happen go insane absolutely different experiece drive like trackday month tire finalize year tow car track drive beginning year fun weekend friend break record place category zero problem little car year covid time go trackday Autódromo Internacional de Codegua break record go great time well seat remove weight brilliant idea strip half interior think yeah trackday covid happen lol friend exhaust system consist remove cat pipe Mazda Miata NC Resonator sound raspy Fujitsubo muffler end year buy bucket seat Recaro Hans replica instal beginning incredible feeling feel embraced safe seat worry look support throw seat corner street set wheel buy chinese semi slick Summax Max Speed set wheel semi slick tire good question know answer LOL Nah truth Nankang get expensive save hotlapping chinese semi slick street light track day Whell hope drive year track go little power exhaust manifold camshaft like engine wise swap engine Tucson Elantra Tiburon engine like platform light modify thank take time read veaRrfS youtube c,Culture and Society
PIU Machine location Hiya know huge latinoamerican community PIU play ton DDR want try PIU play question machine search google find machine location preferrably Prime Fiesta country Colombia help awesome want try PIU,Entertainment and Media
base rata incident sense people consider person color latinoamerican like light skin european native american root consider white sense definition white colour consider person color white people dark skin term weird like white skin colorless completely variety colour consider whitest white black black comparison sexual orientation like say gay people people orientation heterosexuality orientation consider normal thing people color white color consider normal white people one color term root colonialism racism bear xvii white non white people ancestry germanic english root people color people accept term start call support person white skin person color thing sense bring light mind great dichotomy exist majority world mind person Mexico blonde hair blue eye white skin consider white descendent Europeans bear Mexico course bear Mexico different skin colour brown black happen single person Latinoamerica go world country white skin people treat like treat white person realize individual come think come shatter worldview decide shield racism ignorant question like white come Bolivia conclusion term people color sense come colonialism racism support base skin color base country use etiquette perpetuate systematical racism minority country,Culture and Society
fine latinoamerican kinda fluent English sister college subject English long story short advanced group guess whaaaat advanced fact absolutely idea go class word yesterday practically beg help tuesday class weekly evaluation help evaluation dor thing feel flattered rely thing class hour uhh like prep class super duper extra important university entrance exam country basically define future suck pay believe pay miss class make feel like shit demotivate importance like month leave exam score near need refuse fail subject scholarship take want overwhelmed mental health great lately able sleep well pill take work make progress feel well wanna reason start feel bad Sooo feel extremely upset wish situation describe feeling feel like dog fine,Health and Education
interesting fact Pandemonium emote latinoamerica invent start French Revolution act make noise kitchen pot popular way protest latinoamerica record Chile Allende administration people go street night kitchen pot wooden spoon demand food know Cacerolazo Skip year Chile totalitarian government people go street Cacerolazos protest dictator Augusto Pinochet thousand people kidnap murder year totalitarian government have ton problem ruler m sure see news violent encounter police fight justice mother grandmother kid teen go street yard kitchen pot wooden spoon latinoamerican way protest incredibly powerful video entire village Cacerolazo middle night amazing cuz pretend see news stay home pretend wrong unheard loud noise hundred people ask well life boyfriend huge fan Fortnite imagine surprise see emote battle pass know epic game team know importance emote sure intentionality want share country history guy hope find interesting hood weekend pd sorry English language Edit know emote come beginning cuz immediately associate emote Cacerolazo thing Pandemonium,Culture and Society
EK ATTACKS insult COUSIN Okey story page soo story like year ago know visit family Texas yeah interesting datum mexican multilingual person soo understand speak Spanish English little bit japanese italian story start go delicious hamburger favorite restaurant burger city San Antonio place big like building space playing area big have little soccer field little big kid space family get place start talk Spanish go order dad uncle decide ask want way like hamburger ante restaurant elegant red neck yes know red neck entitle parent kid family brother cousin space soccer area see kid play ask join match yes cousin cousin team kid include little kid know EK future instance match start cousin brother start speak Spanish advantage team well organization attack strategy end win match thank go team play good kid enjoy game play good away group start transform entitled red tomato start close try hit face thing explode present character God c Cousin MB brother Ek spawn hell CD cool dad dad Ek dad hey s wrong EK cheat fucking beaner hate word mb c hey sorry wine good way kiddo calm EK true talk Mexican fear rule face start turn red tone sorry mate rule allow speak mother tongue match EK try hit face fail tall man foot tall age meter sorry know convert int foot right know c hey win good way calm know EK Shut yo fucking beaner fucking immigrant steal rape country shiti country come aggressive person one insult family country attack defend family country close kid close kick stomach soo hard kneel grab stomach try breathe kid start cry man close sit table restaurant come close place cold eye look close start talk CD happen play soccer match start speak Spanish advantage team win kid try hit right head fail hit twice cousin try clam situation kid calm beaner rapist thief need country CD Oooo speak like mother know good friend latinoamerican know hate listen speak like ground month know table tell army meet good friend latinoamerican serve thank go EK enter restaurant family burger tell dad happen say buy strawberry milkshake permission Moar YouTube channel use story show community social medium,Culture and Society
time sport fandom watch game broadcast spanish SOOO better bilingual actively avoid spanish translation movie tv sport broadcast annoying usually tonight watch Heat game Spanish channel available Deportes let tell good basketball broadcasting hear ESPN year loathe game JVG Mark Jackson multiple time mute Heats final run ESPN Deportes fantastic great key insight fair analysis action refereeing excitement emanating key moment shout ball lie broadcast rival basketball broadcasting imo Heat local call hard catch dumb tv contract latinoamerican basketball fan brother sick ESPN announce game invite switch ESPN Deportes broadcast actually good EDIT call Jimmy Jimmy Kenobi Butler game cool,Sports
Atlanta Braves WS Champion Autographed Cards WS Game Balls come look total value Maddux Chipper Lopez Klesko Nieves understanding baseball direct Braves dugout official World Series Game Balls wear sure kind action see ball sign Ryan Klesko sign Javy Lopez autographed hand SIGNED card Topps tmb Greg Maddux Silver Cy Young Parallel Topps Stadium Club Chipper Jones Topps Stadium Club Ryan Klesko Topps Stadium Club Javy Lopez Topps Stadium Club Melvin Nieves go check Beckett Online Review appear legit ask rough idea value trade sale purpose Braves fan collect basketball football yankee,Sports
add collection pick collectible son room big sport like wait,Sports
Cuba Olympics country Latin América medal specially January yes result cuban socialism Tokio Mijain Lopez Greco roman style cuban fighter go fourth gold medal Cuba attend summer event Paris time large number medal come high accumulator medal initial stage fencer Ramón Fonst rise podium award occasion end title silver medal Games Paris San Luis good position Cuba general table fourth place Moscow Games account country lead United States boycott event fifth place reach cuban delegation Barcelona result great credibility precisely Barcelona achieve high number medal olympic history title prominent sport box cuban title half belong boxer athletic contribute medal gold judo title addition Fonst great cuban athlete shine Olympics boxer teófilo Stevenson Félix Savón crown list olympic legend include runner Alberto Juantorena history win meter athletic summer event wrestler Filiberto Azcuy Mijaín López achieve title collective sport woman volleyball team stand time champion consecutive edition baseball gold silver medal note Tokio Mijain Lopez Greco roman style cuban fighter go fourth gold medal Source spanish,Sports
latino medium collab apologize Latinx tumblr long let talk collab ephemeral event love nikki let suit feature base piece medium seal approval official owner versatile interesting game collab base Disney Sanrio Barbie Alphonse Mucha Vocaloid distinctive suit medium gorgeous accesorie expect internationally know call Alphonse Mucha work franchise stretch yeah sorry come Latino Latinoamerican country devs take consideration latino medium actually collab piece latino popular culture like suit matter unlikely great share idea ifs example Lupe Mágica spanish language webtoon magical girl worth read uniform absolutely adorable painter century collab LN Webtoon fun Pulentos collab base chilean cartoon like pulento image f ff revision prefix es Tom pulentos revision prefix es accesorie ok joke XDDDD Yo soy Betty La Fea want Betty Armando suit PS post completely,Entertainment and Media
book later Honest Look Reading Demographics background late see friend post social medium go take Lord Rings spin realize long read decide Winter break point realize sit read fiction year finish phd unrelated field spend year read non fiction read entertainment guess year get LOTR decide dedicated effort engross literature start read fiction regularly decide write read mom notebook book read write think cool thing want thing start January write book finish cover cover year later arrive work fiction probably write post idea come see month ago sub recall specific see handful post comment thread relate diversity reading diversify reading list etc consider pretty progressive guy curious open minded effort listen diverse perspective try equitable etc see thread think oh fine diverse interest sure reflect reading get curious decide crunch number Method method buy book buy book buy new independent bookstore order online say long list book want read phone store look find find love hunt satisfaction find thing list stand fun way read build collection book know go read list come find interesting time write recommendation friend source like sub book read die probably find interesting read description bring duck Newburyport seminar take hit list stumble Booker Prize winner library list day learn Goldsmiths Prize list indie publisher town sale check look good upfront take initial inventory book book trend different direction discuss later result datum N Demographics Authors man woman White latinoamerican middle eastern black asian Nationalities Authors Algeria Argentina Chile Columbia Czech France Germany Haiti Iceland Ireland Italy Japan New Zealand Nigeria Middle East anthology romanian Russia Sweden United Kingdom United States fun color map look like discussion thing think interesting result passively search book emphasize method purchase book build want read list think folk think think folk include buy draw thing relate taste thing suggest peer social circle include internet thing hear result clearly euro centric american white man hand pretty unsurprising cis white man English speak world majority work read euro centric reflective educational background focus demographic personally pretty bummed honestly surprised book read woman say lot bias culture get filter like guy read book way find book folk tell thing recommend find online buy book find IRL little proactivity believe lead un diverse set voice honestly probably diverse organically actively seek woman author book favorite author Chile point think people care pretty passive way like human go life lot unpack think build canon work body work resonate personally simply know know way find dedicated effort actually look learn read book woman point seek book woman example start look modernist literature explicitly woman come Djuna Barnes Nightwood hear favorite go outright disregard book consider important work man read Moby Dick year time sub good book list want conscious voice miss hopefully find work love maybe introduce friend go reorganize list lot active research populate list break list different category base background author category think exciting international author probably impossible dream read book country add nationality author list create category author book nation read book live Texas love literature South America read specific category list author Latin American sure particularly valuable information interesting productive hope encourage folk think stuff maybe find rare gem new favorite write read pretty fun distract work dissertation TLDR check demographic book read thought diverse actively try well edit well language,Entertainment and Media
Eggs Vegan Diet Recipe suggestion sister vegan long time convince add egg diet health reason like texture taste egg ethical reason eat dairy work egg scratch sister probably will want wrack brain good food incorporate egg stand far think cookie big hit egg noodle variety nice idea extra info pretty tool kitchen mom like new recipe close standard american grocery specialty European Latinoamerican East Asian store people household knowing great big deal,Health and Education
brother roof ndad protect mom help latinoamerican culture shutting perceive vile raise family mental health issue taboo get kid maybe woman spare take care parent brother mom got stroke decade ago dependant ndad grocery dad cancer preschool pumelete go die soon cancer control nos supposedly control mom have badly ndad realize horrible partner mom want left despite fact cling brother not leave ndad want search job far away home covid start bad luckily move year contact yes apparently ndad break open brother room videogame scale reality come home demand take care cancer mom need care need search internet play yesterday horrible parent get covid mom bad try help Dad ok barely symptom stop eat demand hospital bad Brother decide ask Uber time receive hospital abandon elderly family fainting need time go happen like day brother mom emotional blackmail like idk worried brother hear yesterday drop job family everyday Ndad need psychological support go brother mean time like guilty people cut communication kid like mom brother visit shield prevent ndad shout mom brother mean fcke Tdlr know help brother live ndad,Health and Education
TOMT Weird Nickelodeon latinoamerica creepie stop motion movie air girl go live huge garbage dump city Nick Latinoamerica weird movie air preteen see completely school schedule weird girl certain belonging take trash collector truck jump truck recover end weird garbage dump society resident trash like item villain run kind business remember weird giant Conveyor belt machine use rid enemy make fall machine start run life cause end furnace kind control capture fire metal tooth surround remember weir plunger eye fall Conveyor belt start run desperately fast outrun belt burn alive flame remember end girl confront villain fall machine die flame remember celebration city girl friend city consider hero think come home safe help find animation weird animation post later think spanish movie Nickelodeon Latin America purchase right air friend tell see animation year nick Spain,Entertainment and Media
Hire Oracle DBA Oracle Infra Specialist work partner company Hello search partner company work Oracle technology place world specifically infraestructure software area experience work Oracle VM Oracle Linux Automatic Storage Management ASM Oracle Real Application Cluster RAC Oracle Database Recovery Manager RMAN Data Guard Oracle Application Server WebLogic Enterprise Manager Cloud Control etc work exclusively company partner possible customer contact start little business currently job pretend work remotely overtime weekend live latinoamerica language spanish speak english appreciate post person interested,Business and Economics
dad jail accusse Argentinian ex president corruption Jordan Peterson community save post talk dad Santiago journalist know bring Wikileaks Panama paper Argentina expert leak close latinoamerican journalist Julian Assange prision write post way save dad belly Whale Jordan trial repercussion worldwide similar Peterson dedication freedom speech get cancel couple time instance Maduro take government Venezuela person denounce corruption use militia repression know common opinion Venezuela Argentina ally go Maduro consider facist nazi alt right ban write newspaper work Pagina dad book truly flip Argentina upside Argentina ex president Mauricio Macri country public building money laundry leak state found foregin shore account come Macri family italian Mob year Macri increase Argentina poverty rate astounding margin leave debt decade pay right currently Kirchner Fernandez administration s good chance Macri win presidential election enter Mariano Macri Mariano Mauricio Fredo Michel Godfather movie Mauricio young brother resent Macri leave family important business constantly bull humiliate Mariano friend uncle time happen add Mariano dad WhatsApp friend group purely chance dad easily opportunity information away Macri family think anti ethical step group Mariano uncomfortable persuade honestly Mariano contact dad ask couple interview session Mariano goal simple come clean family dirty bussine Mariano typical spoiled rich kid remember everytime come home interview ring bell like time row open door second anyway interview dad write book book Mariano come clean corruption scheme Macri family crime like deny inheritance female daughter family Argentina love book sadly end story Mauricio Macri charche crime political influence strong decide dad trial instead begin hold economically Mauricio Mariano decide regret interview sue Mariano admit dad say true Santiago publish recording Mariano acepte interview word publish want Mariano take dad trial book sensasionalistic say write imply dad publish want hour recording casual talk charge damage public image imagine american journalist discover case corruption politician say politician take journalist prison speak literally s happen latinoamerica quickly start spread worldwide Mariano want dad hand recording hope find excuse invent charge prison worth mention s trough proper trial trough preliminary order mean dad defend place hand material charge penalty hundred dolar day bad s thing dad hand tape Ill end history journalism interviewer hand material dad choose loose trial set presedent censorship world wide finally guy Jordan enter picture get far post probably invest Macri case think Peterson dad know lot argentinian corruption leaking freedom speech ideal podcast material citizen current president little argentinian situation need help outside create awarness world wide argentinian supreme court declare innocent Peterson great help spread dad case icon freedom expression update post talk case discord let possible reach Peterson maybe episode story,Politics and Government
want create Saas company Latinoamerica question hi guy thank take time read response pair developer IBM Oracle Partner year experience want start saas company moment face big challenge gather feature plan build know customer know niche platform connect enterprise specific niche business need beta software test enterprise launch regional market Peru economic work situation informal channel reach enterprise start zero open suggestion budget limited thank patience good regard FM,Business and Economics
song need listen base lyric ask song lyric explain tell country politic maybe think great poem story obvious example Latinoamerica Calle Sr Cobranza Manos de Filippi Bersuit Vergarabat like Barro tal vez Spinetta,Entertainment and Media
latin american government scuttle Trump pick international development bank good politic latin american government rally scuttle trump nominee development bank reduce bot pick Mauricio Claver Carone floridian son cuban immigrant advocate aggressive policy leftist government Venezuela Cuba rare confront Trump administration diplomat latin american european country come opposition Claver Carone call September annual assembly postpone indefinitely European Union hold advisory role IDB declare opposition Claver Carone say position hold latin american national urge election Brazil far right President Jair Bolsonaro style Trump Tropics Colombia strong ally Washington slightly give bloc nearly NSC official present list additional dozen small latin american caribbean country support Claver Carone Claver Carone chief architect policy crack leftist government region pressure central american country cooperate Trump effort block migrant asylum seeker cross southern border Mexico op ed essay publish latin american newspaper Claver Carone say strengthen commitment region promote State Department program call America Crece advocate infrastructure project private investment improve condition Latin America Summary politic latin american government rally scuttle trump nominee development bank,Politics and Government
reality show Spanish month ago get Amazing Race Latinoamerica season amazing fan american version easily accessible youtube give insight people ask politely ask stranger direction matter honestly greatly help recent vacation Seville surround area good thing reality current modern real world Spanish typically feature speaker different background good easily accessible spanish reality show,Entertainment and Media
communist emerge runner runner chilean presidential race good article communist emerge runner runner chilean presidential reduce bot Daniel Jadue mayor Recoleta Communist Party candidate presidential election chilean Communist Party candidate Daniel Jadue emerge shock runner ahead presidential election number poll predict sweep power rise Jadue communist mayor Recoleta district come leftist return power Latin America Luiz Inacio da Silva tip win brazilian presidential election Daniel Ortega expect retain presidency Nicaragua popularity reflect regional pattern Chilean Communist Party week demand release political prisoner jail unrest reparation pay victim state repression October Chileans agree referendum redraft constitution year communist leftist win majority member assembly task,Politics and Government